{
  "inchikey": "CZMRCDWAGMRECN-UGDNZRGBSA-N", 
  "pm7": {
    "heatOfFormation": -2090.65489, 
    "dipole": [
      "3.248", 
      "-4.374", 
      "-2.561"
    ], 
    "volume": 359.11, 
    "lumo": 0.871, 
    "homo": -10.153, 
    "surfaceArea": 291.42, 
    "dipoleMoment": 6.02
  }, 
  "chemspider_id": 5768, 
  "tags": [
    "hydrophilic", 
    "alkyl", 
    "acetal", 
    "ketal", 
    "donor", 
    "ring", 
    "ether"
  ], 
  "cas": [
    "25702-74-3", 
    "9012-95-7", 
    "100405-08-1", 
    "104242-10-6", 
    "131932-12-2", 
    "146054-35-5", 
    "146187-04-4", 
    "151756-02-4", 
    "220376-22-7", 
    "29253-78-9", 
    "29764-06-5", 
    "30027-72-6", 
    "47167-52-2", 
    "47185-09-1", 
    "47257-91-0", 
    "50857-68-6", 
    "51909-69-4", 
    "64533-66-0", 
    "65545-99-5", 
    "75398-84-4", 
    "76056-38-7", 
    "78654-77-0", 
    "80165-03-3", 
    "8027-47-2", 
    "8030-20-4", 
    "85456-51-5", 
    "86101-30-6", 
    "87430-66-8", 
    "92004-84-7", 
    "57-50-1"
  ], 
  "pubchem_cid": 5988, 
  "molecular mass": 342.29648, 
  "synonyms": [
    "(2r,3r,4s,5s,6r)-2-[(2s,3s,4s,5r)-3,4-dihydroxy-2,5-bis(hydroxymethyl)oxolan-2-yl]oxy-6-(hydroxymethyl)oxane-3,4,5-triol", 
    "(2r,3r,4s,5s,6r)-2-[(2s,3s,4s,5r)-3,4-dihydroxy-2,5-bis(hydroxymethyl)tetrahydrofuran-2-yl]oxy-6-(hydroxymethyl)tetrahydropyran-3,4,5-triol", 
    "(2r,3r,4s,5s,6r)-2-[(2s,3s,4s,5r)-3,4-dihydroxy-2,5-dimethylol-tetrahydrofuran-2-yl]oxy-6-methylol-tetrahydropyran-3,4,5-triol", 
    "(2r,3r,4s,5s,6r)-2-[[(2s,3s,4s,5r)-3,4-dihydroxy-2,5-bis(hydroxymethyl)-2-tetrahydrofuranyl]oxy]-6-(hydroxymethyl)tetrahydropyran-3,4,5-triol", 
    "(alpha-d-glucosido)-beta-d-fructofuranoside", 
    "1-alpha-d-glucopyranosyl-2-beta-d-fructofuranoside", 
    "100405-08-1", 
    "104242-10-6", 
    "131932-12-2", 
    "146054-35-5", 
    "146187-04-4", 
    "151756-02-4", 
    "16104_riedel", 
    "220376-22-7", 
    "25702-74-3", 
    "29253-78-9", 
    "29764-06-5", 
    "30027-72-6", 
    "47167-52-2", 
    "47185-09-1", 
    "47257-91-0", 
    "47289_supelco", 
    "50857-68-6", 
    "51909-69-4", 
    "57-50-1", 
    "64533-66-0", 
    "65545-99-5", 
    "75398-84-4", 
    "76056-38-7", 
    "78654-77-0", 
    "80165-03-3", 
    "8027-47-2", 
    "8030-20-4", 
    "84097_fluka", 
    "84100_fluka", 
    "85456-51-5", 
    "86101-30-6", 
    "87430-66-8", 
    "9012-95-7", 
    "92004-84-7", 
    "ai3-09085", 
    "alpha-d-glc-(1-2)-beta-d-fru", 
    "alpha-d-glc-(1->2)-beta-d-fru", 
    "alpha-d-glucopyranoside, beta-d-fructofuranosyl", 
    "alpha-d-glucopyranoside, beta-d-fructofuranosyl, homopolymer", 
    "alpha-d-glucopyranoside, beta-d-fructofuranosyl-", 
    "alpha-d-glucopyranosyl beta-d-fructofuranoside", 
    "alpha-d-glucopyranosylbeta-d-fructofuranoside", 
    "amerfand", 
    "amerfond", 
    "beet sugar", 
    "beta-d-fructofuranosyl alpha-d-glucopyranoside", 
    "beta-d-fructofuranosyl-alpha-d-glucopyranoside", 
    "beta-d-fruf-(2<->1)-alpha-d-glcp", 
    "c00089", 
    "cane sugar", 
    "ccris 2120", 
    "chebi:17992", 
    "confectioner's sugar", 
    "d()-saccharose", 
    "d(+)-saccharose", 
    "d-sucrose", 
    "d00025", 
    "d06528", 
    "d06529", 
    "d06530", 
    "d06531", 
    "d06533", 
    "einecs 200-334-9", 
    "ficoll", 
    "fructofuranoside, alpha-d-glucopyranosyl, beta-d", 
    "glc-(1-2)fru", 
    "glucopyranoside, beta-d-fructofuranosyl, alpha-d", 
    "granulated sugar", 
    "hsdb 500", 
    "microse", 
    "nci-c56597", 
    "nsc 406942", 
    "rock candy", 
    "rohrzucker", 
    "s0389_sigma", 
    "s1174_sigma", 
    "s1888_sigma", 
    "s2395_sigma", 
    "s3929_sigma", 
    "s5016_sial", 
    "s5390_sigma", 
    "s5391_sigma", 
    "s7903_sigma", 
    "s8501_sigma", 
    "s9378_sigma", 
    "saccharose", 
    "saccharum", 
    "sacharose", 
    "st5308554", 
    "suc", 
    "sucraloxum [inn-latin]", 
    "sucrose", 
    "sucrose (jp15/nf)", 
    "sucrose (tn)", 
    "sucrose [usan:jan]", 
    "sucrose, dust", 
    "sucrose, pure", 
    "sucrose, purified", 
    "sucrose, purified (jan)", 
    "sugar", 
    "sugar spheres", 
    "sugar spheres (nf)", 
    "sugar, compressible", 
    "sugar, compressible (nf)", 
    "sugar, confectioner's", 
    "sugar, confectioner's (nf)", 
    "table sugar", 
    "white soft sugar", 
    "white soft sugar (jp15)", 
    "white sugar", 
    "zinc04217475"
  ], 
  "elements": [
    "H", 
    "C", 
    "O"
  ], 
  "pointGroup": "C1", 
  "inchi": "InChI=1S/C12H22O11/c13-1-4-6(16)8(18)9(19)11(21-4)23-12(3-15)10(20)7(17)5(2-14)22-12/h4-11,13-20H,1-3H2/t4-,5-,6-,7-,8+,9-,10+,11-,12+/m1/s1", 
  "formula": "C12H22O11", 
  "iupac_name": "(2r,3r,4s,5s,6r)-2-[(2s,3s,4s,5r)-3,4-dihydroxy-2,5-bis(hydroxymethyl)oxolan-2-yl]oxy-6-(hydroxymethyl)oxane-3,4,5-triol", 
  "name": "sucrose"
}